Rank,Feature,Importance
1,src_bytes,0.19515503095467884
2,dst_bytes,0.09997554140333309
3,same_srv_rate,0.08180164392001192
4,dst_host_same_srv_rate,0.06863910015329092
5,flag,0.06654711017021933
6,dst_host_srv_count,0.06517807464445095
7,logged_in,0.052529780887273364
8,srv_serror_rate,0.03992863367061756
9,diff_srv_rate,0.03577496225702786
10,protocol_type,0.03250511803138431
11,service,0.02885990988483412
12,count,0.02790141620228726
13,serror_rate,0.027346564438549235
14,dst_host_diff_srv_rate,0.027119685479561194
15,dst_host_same_src_port_rate,0.02552444498442585
