Attack type,Category,Test count,Train count,Logistic Regression recall,Decision Tree recall,Random Forest recall
neptune,DoS,4657,41214,0.9984968864075585,0.9995705389735882,0.9995705389735882
guess_passwd,R2L,1231,53,0.007311129163281885,0.1389114541023558,0.0
mscan,Probe,996,0,0.3413654618473896,0.40763052208835343,0.5090361445783133
warezmaster,R2L,944,20,0.3527542372881356,0.19491525423728814,0.08792372881355932
apache2,DoS,737,0,0.276797829036635,0.37449118046132973,0.20081411126187246
satan,Probe,735,3633,0.9863945578231292,0.9972789115646259,1.0
processtable,DoS,685,0,0.3678832116788321,0.45255474452554745,0.030656934306569343
smurf,DoS,665,2646,1.0,1.0,1.0
back,DoS,359,956,0.016713091922005572,0.47075208913649025,0.9749303621169917
snmpguess,R2L,331,0,0.00906344410876133,0.0,0.0
saint,Probe,319,0,0.9153605015673981,0.9905956112852664,0.987460815047022
mailbomb,DoS,293,0,0.0,0.0,0.0
snmpgetattack,R2L,178,0,0.0,0.0,0.0
portsweep,Probe,157,2931,0.9299363057324841,0.9872611464968153,1.0
ipsweep,Probe,141,3599,0.9858156028368794,1.0,1.0
httptunnel,R2L,133,0,0.03007518796992481,0.14285714285714285,0.12781954887218044
nmap,Probe,73,1493,1.0,0.9726027397260274,1.0
pod,DoS,41,201,0.9512195121951219,0.926829268292683,0.926829268292683
buffer_overflow,U2R,20,30,0.65,0.3,0.1
multihop,R2L,18,7,0.05555555555555555,0.16666666666666666,0.1111111111111111
named,R2L,17,0,0.17647058823529413,0.35294117647058826,0.17647058823529413
ps,U2R,15,0,0.2,0.4,0.13333333333333333
sendmail,R2L,14,0,0.14285714285714285,0.0,0.0
xterm,U2R,13,0,0.38461538461538464,0.3076923076923077,0.23076923076923078
rootkit,U2R,13,10,0.07692307692307693,0.07692307692307693,0.0
teardrop,DoS,12,892,1.0,1.0,1.0
xlock,R2L,9,0,0.0,0.0,0.0
land,DoS,7,18,0.5714285714285714,0.14285714285714285,0.7142857142857143
xsnoop,R2L,4,0,0.25,0.25,0.25
ftp_write,R2L,3,8,0.0,0.3333333333333333,0.3333333333333333
phf,R2L,2,4,0.0,0.5,0.5
loadmodule,U2R,2,9,0.5,0.0,0.0
perl,U2R,2,3,0.0,0.5,0.5
udpstorm,DoS,2,0,0.0,0.5,1.0
sqlattack,U2R,2,0,0.0,1.0,0.5
worm,R2L,2,0,0.0,0.0,0.0
imap,R2L,1,11,0.0,1.0,0.0
